"Title","Path","Visits","Visitors"
"常见问题清单","article-list.md","9","0"
"联系我们","contact.md","1","0"
"未签约学员数据导入模板","data-template.md","2","0"
"系统百问","kami100.md","2","0"
"打印控件","printer.md","2","0"
"系统开通后服务流程","process.md","2","0"
"会员卡管理","合同管理/会员卡管理.md","6","0"
"合同审核","合同管理/合同审核.md","3","0"
"签订合同","合同管理/签订合同.md","8","0"
"订金管理","合同管理/订金管理.md","2","0"
"课时管理","合同管理/课时管理.md","14","0"
"名单分配","名单的录入与分配/名单分配.md","12","0"
"名单录入","名单的录入与分配/名单录入.md","30","0"
"合同信息设置","基础数据设置/合同信息设置.md","9","0"
"基础信息设置","基础数据设置/基础信息设置.md","7","0"
"学员信息设置","基础数据设置/学员信息设置.md","10","0"
"教务信息设置","基础数据设置/教务信息设置.md","12","0"
"学员查询","学员跟进/学员查询.md","3","0"
"学员跟进","学员跟进/学员跟进.md","8","0"
"微信服务号-家校互联","应用市场/微信服务号-家校互联.md","10","0"
"排课管理","教学管理/排课管理.md","2","0"
"新签约学员排课","教学管理/新签约学员排课.md","2","0"
"日常教务","教学管理/日常教务.md","4","0"
"查看课程表","教学管理/查看课程表.md","4","0"
"卡米智慧校区早教管理软件的签到管理","教学管理/签到管理.md","23","0"
"卡米智慧校区更新记录","更新记录/卡米智慧校区更新记录.md","4","0"
"会员排课为什么会是体验？","注册开通与实施/会员排课为什么会是体验？.md","4","0"
"卡米智慧校区开通及实话步骤","注册开通与实施/卡米智慧校区开通及实话步骤.md","6","0"
"卡米智慧校区早教管理系统更新了，为什么我没有更新后的菜单？","注册开通与实施/卡米智慧校区早教管理系统更新了，为什么我没有更新后的菜单？.md","7","0"
"卡米智慧校区所使用和匹配的外设","注册开通与实施/卡米智慧校区的硬件外设有哪些？.md","36","0"
"卡米智慧校区运营实施学见问题汇总","注册开通与实施/卡米智慧校区运营实施学见问题汇总.md","24","0"
"如何开通卡米智慧校区运营平台？","注册开通与实施/如何开通卡米智慧校区运营平台？.md","9","0"
"如何进行远程协助","注册开通与实施/如何进行远程协助.md","3","0"
"修改活动","活动管理/修改活动.md","2","0"
"历史活动记录查询","活动管理/历史活动记录查询.md","1","0"
"新增活动","活动管理/新增活动.md","3","0"
"活动名单删除以及打印","活动管理/活动名单删除以及打印.md","4","0"
"活动签到","活动管理/活动签到.md","4","0"
"审核流水，流水列表","流水账管理/审核流水，流水列表.md","2","0"
"流水支出","流水账管理/流水支出.md","3","0"
"流水收入","流水账管理/流水收入.md","4","0"
"报表统计","系统管理/报表统计.md","2","0"
"日志查看","系统管理/日志查看.md","4","0"
"用户管理","系统管理/用户管理.md","17","0"
"卡米智慧校区微信应用-家校互联介绍","视频库/微信应用介绍.md","24","0"
"0KWcpex1i4f5veM16yEl2g-sxllogo","_book/上线了知识库_files/0kwcpex1i4f5vem16yel2g-sxllogo.png","1","0"
"ic_menu_mobile_white","_book/上线了知识库_files/ic_menu_mobile_white.png","1","0"
"sxl-logo","_book/上线了知识库_files/sxl-logo.png","1","0"
"3b930a400eabdd681a7d9f573fbfda55","_cache/unsplash/large/3b930a400eabdd681a7d9f573fbfda55.jpg","1","0"
"67189340da6f9a842ffc91db100da86a","_cache/unsplash/large/67189340da6f9a842ffc91db100da86a.jpg","1","0"
"ae0cfb579d41c5dfa41a0fadd9c28335","_cache/unsplash/large/ae0cfb579d41c5dfa41a0fadd9c28335.jpg","1","0"
"2017-05-02-15-25-54","_image/2017-05-02-15-25-54.png","1","0"
"2017-05-03-13-19-18","合同管理/_image/2017-05-03-13-19-18.png","1","0"
"2017-05-03-13-19-33","合同管理/_image/2017-05-03-13-19-33.png","1","0"
"2017-05-03-13-19-52","合同管理/_image/2017-05-03-13-19-52.png","1","0"
"2017-05-03-13-20-16","合同管理/_image/2017-05-03-13-20-16.png","1","0"
"2017-05-03-13-20-41","合同管理/_image/2017-05-03-13-20-41.png","1","0"
"2017-05-03-13-21-03","合同管理/_image/2017-05-03-13-21-03.png","1","0"
"2017-05-03-13-21-20","合同管理/_image/2017-05-03-13-21-20.png","1","0"
"2017-05-03-13-21-38","合同管理/_image/2017-05-03-13-21-38.png","1","0"
"2017-05-03-13-21-55","合同管理/_image/2017-05-03-13-21-55.png","1","0"
"2017-05-03-13-22-07","合同管理/_image/2017-05-03-13-22-07.png","1","0"
"2017-05-03-13-22-24","合同管理/_image/2017-05-03-13-22-24.png","1","0"
"2017-05-03-13-22-40","合同管理/_image/2017-05-03-13-22-40.png","1","0"
"2017-05-03-13-23-03","合同管理/_image/2017-05-03-13-23-03.png","1","0"
"2017-05-03-13-23-17","合同管理/_image/2017-05-03-13-23-17.png","1","0"
"2017-05-03-13-23-59","合同管理/_image/2017-05-03-13-23-59.png","1","0"
"2017-05-03-13-24-20","合同管理/_image/2017-05-03-13-24-20.png","1","0"
"2017-05-03-13-24-39","合同管理/_image/2017-05-03-13-24-39.png","1","0"
"2017-05-03-13-24-56","合同管理/_image/2017-05-03-13-24-56.png","1","0"
"2017-05-03-13-25-20","合同管理/_image/2017-05-03-13-25-20.png","1","0"
"2017-05-03-13-25-34","合同管理/_image/2017-05-03-13-25-34.png","1","0"
"2017-05-03-13-25-50","合同管理/_image/2017-05-03-13-25-50.png","1","0"
"2017-05-03-13-26-06","合同管理/_image/2017-05-03-13-26-06.png","1","0"
"2017-05-03-13-26-27","合同管理/_image/2017-05-03-13-26-27.png","1","0"
"2017-05-03-13-26-43","合同管理/_image/2017-05-03-13-26-43.png","1","0"
"2017-05-03-13-26-57","合同管理/_image/2017-05-03-13-26-57.png","1","0"
"2017-05-03-13-27-11","合同管理/_image/2017-05-03-13-27-11.png","1","0"
"2017-05-03-13-27-39","合同管理/_image/2017-05-03-13-27-39.png","1","0"
"2017-05-03-13-27-55","合同管理/_image/2017-05-03-13-27-55.png","1","0"
"2017-05-03-13-28-08","合同管理/_image/2017-05-03-13-28-08.png","1","0"
"2017-05-03-13-28-24","合同管理/_image/2017-05-03-13-28-24.png","1","0"
"2017-05-02-15-55-39","名单的录入与分配/_image/2017-05-02-15-55-39.png","1","0"
"2017-05-02-15-56-17","名单的录入与分配/_image/2017-05-02-15-56-17.png","1","0"
"2017-05-02-15-56-32","名单的录入与分配/_image/2017-05-02-15-56-32.png","1","0"
"2017-05-02-15-56-51","名单的录入与分配/_image/2017-05-02-15-56-51.png","1","0"
"2017-05-02-15-57-07","名单的录入与分配/_image/2017-05-02-15-57-07.png","1","0"
"2017-05-02-15-57-13","名单的录入与分配/_image/2017-05-02-15-57-13.png","1","0"
"2017-05-02-15-57-31","名单的录入与分配/_image/2017-05-02-15-57-31.png","1","0"
"2017-05-02-15-57-50","名单的录入与分配/_image/2017-05-02-15-57-50.png","1","0"
"2017-05-02-15-57-53","名单的录入与分配/_image/2017-05-02-15-57-53.png","1","0"
"2017-05-02-15-59-04","名单的录入与分配/_image/2017-05-02-15-59-04.png","1","0"
"2017-05-02-16-16-29","名单的录入与分配/_image/2017-05-02-16-16-29.png","1","0"
"2017-05-02-16-16-44","名单的录入与分配/_image/2017-05-02-16-16-44.png","1","0"
"2017-05-02-16-16-58","名单的录入与分配/_image/2017-05-02-16-16-58.png","1","0"
"2017-05-02-16-17-09","名单的录入与分配/_image/2017-05-02-16-17-09.png","1","0"
"2017-05-02-16-17-24","名单的录入与分配/_image/2017-05-02-16-17-24.png","1","0"
"2017-05-02-15-34-19","基础数据设置/_image/2017-05-02-15-34-19.png","1","0"
"2017-05-02-15-34-46","基础数据设置/_image/2017-05-02-15-34-46.png","1","0"
"2017-05-02-15-34-58","基础数据设置/_image/2017-05-02-15-34-58.png","1","0"
"2017-05-02-15-35-13","基础数据设置/_image/2017-05-02-15-35-13.png","1","0"
"2017-05-02-15-35-29","基础数据设置/_image/2017-05-02-15-35-29.png","1","0"
"2017-05-02-15-35-42","基础数据设置/_image/2017-05-02-15-35-42.png","1","0"
"2017-05-02-15-38-11","基础数据设置/_image/2017-05-02-15-38-11.png","1","0"
"2017-05-02-15-38-29","基础数据设置/_image/2017-05-02-15-38-29.png","1","0"
"2017-05-02-15-38-41","基础数据设置/_image/2017-05-02-15-38-41.png","1","0"
"2017-05-02-15-38-54","基础数据设置/_image/2017-05-02-15-38-54.png","1","0"
"2017-05-02-15-39-05","基础数据设置/_image/2017-05-02-15-39-05.png","1","0"
"2017-05-02-15-39-15","基础数据设置/_image/2017-05-02-15-39-15.png","1","0"
"2017-05-02-15-39-28","基础数据设置/_image/2017-05-02-15-39-28.png","1","0"
"2017-05-02-15-46-03","基础数据设置/_image/2017-05-02-15-46-03.png","1","0"
"2017-05-02-15-46-19","基础数据设置/_image/2017-05-02-15-46-19.png","1","0"
"2017-05-02-15-47-13","基础数据设置/_image/2017-05-02-15-47-13.png","1","0"
"2017-05-02-15-47-32","基础数据设置/_image/2017-05-02-15-47-32.png","1","0"
"2017-05-02-15-47-52","基础数据设置/_image/2017-05-02-15-47-52.png","1","0"
"2017-05-02-15-48-07","基础数据设置/_image/2017-05-02-15-48-07.png","1","0"
"2017-05-02-15-50-00","基础数据设置/_image/2017-05-02-15-50-00.png","1","0"
"2017-05-02-15-50-23","基础数据设置/_image/2017-05-02-15-50-23.png","1","0"
"2017-05-02-15-50-38","基础数据设置/_image/2017-05-02-15-50-38.png","1","0"
"2017-05-02-15-51-01","基础数据设置/_image/2017-05-02-15-51-01.png","1","0"
"2017-05-02-15-51-14","基础数据设置/_image/2017-05-02-15-51-14.png","1","0"
"2017-05-02-15-51-27","基础数据设置/_image/2017-05-02-15-51-27.png","1","0"
"2017-05-02-15-51-40","基础数据设置/_image/2017-05-02-15-51-40.png","1","0"
"2017-05-05-09-55-49","基础数据设置/_image/2017-05-05-09-55-49.png","1","0"
"2017-05-05-09-56-17","基础数据设置/_image/2017-05-05-09-56-17.png","1","0"
"2017-05-03-10-34-16","学员跟进/_image/2017-05-03-10-34-16.png","1","0"
"2017-05-03-10-34-44","学员跟进/_image/2017-05-03-10-34-44.png","1","0"
"2017-05-03-10-35-02","学员跟进/_image/2017-05-03-10-35-02.png","1","0"
"2017-05-03-10-35-20","学员跟进/_image/2017-05-03-10-35-20.png","1","0"
"2017-05-03-10-35-37","学员跟进/_image/2017-05-03-10-35-37.png","1","0"
"2017-05-03-10-35-59","学员跟进/_image/2017-05-03-10-35-59.png","1","0"
"2017-05-03-10-36-10","学员跟进/_image/2017-05-03-10-36-10.png","1","0"
"2017-05-03-10-36-26","学员跟进/_image/2017-05-03-10-36-26.png","1","0"
"2017-05-03-10-36-40","学员跟进/_image/2017-05-03-10-36-40.png","1","0"
"2017-05-03-10-36-57","学员跟进/_image/2017-05-03-10-36-57.png","1","0"
"2017-05-03-10-37-55","学员跟进/_image/2017-05-03-10-37-55.png","1","0"
"2017-05-03-10-38-11","学员跟进/_image/2017-05-03-10-38-11.png","1","0"
"2017-05-03-10-38-35","学员跟进/_image/2017-05-03-10-38-35.png","1","0"
"2017-05-03-10-38-53","学员跟进/_image/2017-05-03-10-38-53.png","1","0"
"2017-05-03-10-39-26","学员跟进/_image/2017-05-03-10-39-26.png","1","0"
"2017-05-03-10-39-42","学员跟进/_image/2017-05-03-10-39-42.png","1","0"
"2017-05-03-10-40-13","学员跟进/_image/2017-05-03-10-40-13.png","1","0"
"2017-05-03-10-40-25","学员跟进/_image/2017-05-03-10-40-25.png","1","0"
"2017-05-03-10-40-39","学员跟进/_image/2017-05-03-10-40-39.png","1","0"
"2017-05-03-10-40-56","学员跟进/_image/2017-05-03-10-40-56.png","1","0"
"2017-05-03-10-41-23","学员跟进/_image/2017-05-03-10-41-23.png","1","0"
"2017-05-03-10-41-28","学员跟进/_image/2017-05-03-10-41-28.png","1","0"
"2017-05-03-10-41-35","学员跟进/_image/2017-05-03-10-41-35.png","1","0"
"2017-05-03-10-41-46","学员跟进/_image/2017-05-03-10-41-46.png","1","0"
"2017-05-03-13-41-17","教学管理/_image/2017-05-03-13-41-17.png","1","0"
"2017-05-03-13-41-39","教学管理/_image/2017-05-03-13-41-39.png","1","0"
"2017-05-03-13-42-19","教学管理/_image/2017-05-03-13-42-19.png","1","0"
"2017-05-03-13-42-33","教学管理/_image/2017-05-03-13-42-33.png","1","0"
"2017-05-03-13-42-47","教学管理/_image/2017-05-03-13-42-47.png","1","0"
"2017-05-03-13-44-03","教学管理/_image/2017-05-03-13-44-03.png","1","0"
"2017-05-03-13-44-18","教学管理/_image/2017-05-03-13-44-18.png","1","0"
"2017-05-03-13-51-12","教学管理/_image/2017-05-03-13-51-12.png","1","0"
"2017-05-03-13-51-30","教学管理/_image/2017-05-03-13-51-30.png","1","0"
"2017-05-03-13-51-44","教学管理/_image/2017-05-03-13-51-44.png","1","0"
"2017-05-03-13-51-59","教学管理/_image/2017-05-03-13-51-59.png","1","0"
"2017-05-03-13-52-20","教学管理/_image/2017-05-03-13-52-20.png","1","0"
"2017-05-03-13-52-47","教学管理/_image/2017-05-03-13-52-47.png","1","0"
"2017-05-03-13-53-01","教学管理/_image/2017-05-03-13-53-01.png","1","0"
"2017-05-03-13-53-06","教学管理/_image/2017-05-03-13-53-06.png","1","0"
"2017-05-03-13-53-23","教学管理/_image/2017-05-03-13-53-23.png","1","0"
"2017-05-03-13-53-38","教学管理/_image/2017-05-03-13-53-38.png","1","0"
"2017-05-03-13-54-04","教学管理/_image/2017-05-03-13-54-04.png","1","0"
"2017-05-03-13-54-19","教学管理/_image/2017-05-03-13-54-19.png","1","0"
"2017-05-03-13-54-34","教学管理/_image/2017-05-03-13-54-34.png","1","0"
"2017-05-03-13-54-55","教学管理/_image/2017-05-03-13-54-55.png","1","0"
"2017-05-03-13-34-28","活动管理/_image/2017-05-03-13-34-28.png","1","0"
"2017-05-03-13-34-45","活动管理/_image/2017-05-03-13-34-45.png","1","0"
"2017-05-03-13-35-00","活动管理/_image/2017-05-03-13-35-00.png","1","0"
"2017-05-03-13-35-10","活动管理/_image/2017-05-03-13-35-10.png","1","0"
"2017-05-03-13-35-36","活动管理/_image/2017-05-03-13-35-36.png","1","0"
"2017-05-03-13-35-50","活动管理/_image/2017-05-03-13-35-50.png","1","0"
"2017-05-03-13-36-05","活动管理/_image/2017-05-03-13-36-05.png","1","0"
"2017-05-03-13-36-19","活动管理/_image/2017-05-03-13-36-19.png","1","0"
"2017-05-03-13-38-16","活动管理/_image/2017-05-03-13-38-16.png","1","0"
"2017-05-03-13-39-01","活动管理/_image/2017-05-03-13-39-01.png","1","0"
"2017-05-03-13-39-16","活动管理/_image/2017-05-03-13-39-16.png","1","0"
"2017-05-03-13-39-36","活动管理/_image/2017-05-03-13-39-36.png","1","0"
"2017-05-03-14-00-06","流水账管理/_image/2017-05-03-14-00-06.png","1","0"
"2017-05-03-14-00-15","流水账管理/_image/2017-05-03-14-00-15.png","1","0"
"2017-05-03-14-00-22","流水账管理/_image/2017-05-03-14-00-22.png","1","0"
"2017-05-03-14-00-32","流水账管理/_image/2017-05-03-14-00-32.png","1","0"
"2017-05-03-14-00-48","流水账管理/_image/2017-05-03-14-00-48.png","1","0"
"2017-05-03-14-01-01","流水账管理/_image/2017-05-03-14-01-01.png","1","0"
"2017-05-03-14-01-28","流水账管理/_image/2017-05-03-14-01-28.png","1","0"
"2017-05-03-14-01-41","流水账管理/_image/2017-05-03-14-01-41.png","1","0"
"2017-05-03-14-01-47","流水账管理/_image/2017-05-03-14-01-47.png","1","0"
"2017-05-03-14-01-52","流水账管理/_image/2017-05-03-14-01-52.png","1","0"
"2017-05-03-14-01-56","流水账管理/_image/2017-05-03-14-01-56.png","1","0"
"2017-05-03-14-02-19","流水账管理/_image/2017-05-03-14-02-19.png","1","0"
"2017-05-03-14-02-37","流水账管理/_image/2017-05-03-14-02-37.png","1","0"
"2017-05-03-14-03-55","流水账管理/_image/2017-05-03-14-03-55.png","1","0"
"2017-05-03-14-05-29","系统管理/_image/2017-05-03-14-05-29.png","1","0"
"2017-05-03-14-05-38","系统管理/_image/2017-05-03-14-05-38.png","1","0"
"2017-05-03-14-05-53","系统管理/_image/2017-05-03-14-05-53.png","1","0"
"2017-05-03-14-06-03","系统管理/_image/2017-05-03-14-06-03.png","1","0"
"2017-05-03-14-06-33","系统管理/_image/2017-05-03-14-06-33.png","1","0"
"2017-05-05-10-01-38","系统管理/_image/2017-05-05-10-01-38.jpg","1","0"
